{
    "fazione": "JOB:",
    "nomefaz": "Job Name",
    "nomefaz2": "Enter the displayed job name",
    "nomefaz3": "Enter job name for setjob command",
    "descnomefaz": "Select to set the job name",
    
    "bossmenu": "Boss Menu Position",
    "bossmenudesc": "Set your current position as the boss menu location",
    
    "inv": "Inventory Management",
    "inv2": "Manage inventories and create multiple storage points",
    
    "camerino": "Wardrobe Position",
    "descamerino": "Set your current position as the wardrobe location",
    
    "garage": "Garage Management",
    "garage2": "Manage vehicles and garage settings",
    
    "gradi": "Manage Ranks",
    "gradi2": "Add, edit, or remove job ranks",
    
    "blip": "Map Blip",
    "blip2": "Create a map blip for this job",
    
    "conferma": "Confirm",
    "conferma2": "Finalize and save changes",
    "confirmpos": "CONFIRM POSITION",
    "confirmpos2": "Are you sure you want to confirm this position?",
    "cofirmnotif": "Position confirmed",
    "cancelnotif": "Position not confirmed",
    
    "impostazionidep": "STORAGE SETTINGS",
    "nomedep": "STORAGE NAME",
    "pesodep": "STORAGE WEIGHT (kg)",
    "slots": "SLOTS",
    "gradomin": "MINIMUM RANK REQUIRED",
    
    "deletejob": "Delete Job",
    "deletejob2": "Permanently delete this job",
    
    "dialogboss1": "ENTER BOSS RANK NUMBER",
    "dialogboss2": "Example: 3 (the rank number used in setjob)",
    "requirednumber": "Must be a number",
    
    "notgradesnot": "No ranks configured - default ranks have been applied",
    
    "titleeditjob": "Edit Job",
    
    "agginv": "ADD STORAGE",
    "invdesc": "Storage will be placed at your current position",
    "invtitle": "STORAGE MENU",
    
    "compile": "Please fill in all fields correctly",
    
    "deleteinv": "Delete Storage",
    "deleteinv2": "Do you want to remove this storage from the list?",
    "confirmremove": "Storage removed",
    "mantenutolist": "Storage kept in list",
    
    "garagemenu": "GARAGE MENU",
    "garagemenuritir": "VEHICLE RETRIEVAL POSITION",
    "garagemenuspawn": "VEHICLE SPAWN/STORAGE POSITION",
    "garagemenulist": "VEHICLE LIST",
    
    "addvehicle": "ADD VEHICLE",
    "addvehdesc": "Add a new vehicle to the fleet",
    
    "label": "VEHICLE LABEL",
    "modelmaiusc": "VEHICLE MODEL (spawn name)",
    "color": "VEHICLE COLOR (RGB)",
    "fullkit": "FULL UPGRADE KIT",
    "plate": "LICENSE PLATE",
    
    "deleteveh": "Delete Vehicle",
    "deleteveh2": "Do you want to remove this vehicle from the list?",
    "deleteveh3": "Vehicle kept in list",
    
    "addgrade": "Add Rank",
    "gradedesc": "Add a new job rank",
    
    "deletegrade": "Delete Rank",
    "gradeconfirm": "Do you want to remove this rank from the list?",
    "tenggrado": "Rank kept in list",
    
    "putname": "ENTER RANK DETAILS",
    "namegrade": "name (lowercase, no spaces)",
    "labelgrade": "Label (displayed name)",
    "salary": "SALARY ($)",
    
    "vehiclenotavaible": "NO VEHICLES AVAILABLE",
    "garagetitle": "JOB GARAGE",
    "placeoccupat": "The spawn point is occupied",
    "vehdeposited": "Vehicle successfully stored",
    "notveh": "You are not in a vehicle",
    "gradobasso": "Your rank is too low - contact a superior!",
    
    "textuibossmenu": "BOSS MENU",
    "textuideposito": "STORAGE",
    "textuiwardrobe": "WARDROBE",
    "texuigarage1": "RETRIEVE VEHICLE",
    "texuigarage2": "STORE VEHICLE",
    
    "noperms": "You don't have permission to do this",
    "vehspawned": "Vehicle spawned successfully!",
    "invalidmodel": "Invalid vehicle model!",
    "vehaddedsuccessfully": "Vehicle added successfully!",
    "wardrobeopened": "Wardrobe opened",
    "bossmenuopened": "Boss menu opened"
}
