{
    "fazione": "POSAO:",
    "nomefaz": "Naziv posla",
    "nomefaz2": "Unesite prikazani naziv posla",
    "nomefaz3": "Unesite naziv posla za setjob naredbu",
    "descnomefaz": "Odaberite za postavljanje naziva posla",
    
    "bossmenu": "Pozicija Boss izbornika",
    "bossmenudesc": "Postavite trenutnu poziciju kao lokaciju boss izbornika",
    
    "inv": "Upravljanje inventarima",
    "inv2": "Upravljajte inventarima i kreirajte više skladišnih točaka",
    
    "camerino": "Pozicija garderobe",
    "descamerino": "Postavite trenutnu poziciju kao lokaciju garderobe",
    
    "garage": "Upravljanje garažom",
    "garage2": "Upravljajte vozilima i postavkama garaže",
    
    "gradi": "Upravljanje rangovima",
    "gradi2": "Dodajte, uredite ili uklonite rangove posla",
    
    "blip": "Blip na karti",
    "blip2": "Kreirajte blip na karti za ovaj posao",
    
    "conferma": "Potvrdi",
    "conferma2": "Finaliziraj i spremi promjene",
    "confirmpos": "POTVRDI POZICIJU",
    "confirmpos2": "Jeste li sigurni da želite potvrditi ovu poziciju?",
    "cofirmnotif": "Pozicija potvrđena",
    "cancelnotif": "Pozicija nije potvrđena",
    
    "impostazionidep": "POSTAVKE SKLADIŠTA",
    "nomedep": "NAZIV SKLADIŠTA",
    "pesodep": "TEŽINA SKLADIŠTA (kg)",
    "slots": "SLOTOVI",
    "gradomin": "MINIMALNI POTREBNI RANG",
    
    "deletejob": "Obriši posao",
    "deletejob2": "Trajno obriši ovaj posao",
    
    "dialogboss1": "UNESI BROJ BOSS RANGA",
    "dialogboss2": "Primjer: 3 (broj ranga korišten u setjobu)",
    "requirednumber": "Mora biti broj",
    
    "notgradesnot": "Rangovi nisu konfigurirani - postavljeni su zadani rangovi",
    
    "titleeditjob": "Uredi posao",
    
    "agginv": "DODAJ SKLADIŠTE",
    "invdesc": "Skladište će biti postavljeno na vašoj trenutnoj poziciji",
    "invtitle": "IZBORNIK SKLADIŠTA",
    
    "compile": "Molimo ispravno ispunite sva polja",
    
    "deleteinv": "Obriši skladište",
    "deleteinv2": "Želite li ukloniti ovo skladište s popisa?",
    "confirmremove": "Skladište uklonjeno",
    "mantenutolist": "Skladište zadržano na popisu",
    
    "garagemenu": "IZBORNIK GARAŽE",
    "garagemenuritir": "POZICIJA PREUZIMANJA VOZILA",
    "garagemenuspawn": "POZICIJA SPAWNA/SPREMANJA VOZILA",
    "garagemenulist": "POPIS VOZILA",
    
    "addvehicle": "DODAJ VOZILO",
    "addvehdesc": "Dodajte novo vozilo u flotu",
    
    "label": "OZNAKA VOZILA",
    "modelmaiusc": "MODEL VOZILA (spawn ime)",
    "color": "BOJA VOZILA (RGB)",
    "fullkit": "POTPUNI PAKET NADOGRADNJI",
    "plate": "REGISTARSKE TABLICE",
    
    "deleteveh": "Obriši vozilo",
    "deleteveh2": "Želite li ukloniti ovo vozilo s popisa?",
    "deleteveh3": "Vozilo zadržano na popisu",
    
    "addgrade": "Dodaj rang",
    "gradedesc": "Dodajte novi rang posla",
    
    "deletegrade": "Obriši rang",
    "gradeconfirm": "Želite li ukloniti ovaj rang s popisa?",
    "tenggrado": "Rang zadržan na popisu",
    
    "putname": "UNESI DETALJE RANGA",
    "namegrade": "ime (malim slovima, bez razmaka)",
    "labelgrade": "Oznaka (prikazano ime)",
    "salary": "PLAĆA ($)",
    
    "vehiclenotavaible": "NEMA DOSTUPNIH VOZILA",
    "garagetitle": "GARAŽA POSLA",
    "placeoccupat": "Spawn pozicija je zauzeta",
    "vehdeposited": "Vozilo uspješno spremljeno",
    "notveh": "Niste u vozilu",
    "gradobasso": "Vaš rang je prenizak - obratite se nadređenom!",
    
    "textuibossmenu": "BOSS IZBORNIK",
    "textuideposito": "SKLADIŠTE",
    "textuiwardrobe": "GARDEROBA",
    "texuigarage1": "PREUZMI VOZILO",
    "texuigarage2": "SPREMI VOZILO",
    
    "noperms": "Nemate dopuštenje za ovu radnju",
    "vehspawned": "Vozilo uspješno spawnirano!",
    "invalidmodel": "Neispravan model vozila!",
    "vehaddedsuccessfully": "Vozilo uspješno dodano!",
    "wardrobeopened": "Garderoba otvorena",
    "bossmenuopened": "Boss izbornik otvoren"
}
